f UK w_hedge, f UK r_hedge, f CAN w_hedge, f CAN r_hedge, f EU w_hedge, f EU r_hedge, f swi w_hedge, f swi r_hedge
0.031047, 0.003267, 0.020001, 0.007779, -0.008410, -0.007119, -0.000239, 0.001172
0.023651, -0.110227, 0.017514, -0.107495, -0.009062, -0.111968, -0.000241, -0.106843
0.019529, 0.058412, 0.017687, 0.064114, -0.008410, 0.066407, -0.000239, 0.066659
0.017499, 0.041557, 0.015550, 0.045951, -0.007259, 0.051233, -0.000233, 0.050462
0.018719, 0.042311, 0.016004, 0.049172, -0.007179, 0.047561, -0.000233, 0.049060
0.020489, 0.025550, 0.019058, 0.034208, -0.007020, 0.029511, -0.000234, 0.031708
0.022070, 0.015597, 0.018809, 0.024328, -0.007105, 0.017825, -0.000235, 0.020445
0.025314, 0.027731, 0.020453, 0.034551, -0.008363, 0.026409, -0.000243, 0.030725
0.026699, 0.038464, 0.020167, 0.037629, -0.008846, 0.022330, -0.000244, 0.029871
0.030085, 0.051536, 0.021867, 0.044465, -0.009694, 0.032549, -0.000252, 0.042215
0.025439, -0.015706, 0.011620, -0.021116, -0.009456, -0.028092, -0.000253, -0.021167
0.022623, -0.024410, 0.007908, -0.028174, -0.009872, -0.029612, -0.000256, -0.028103
0.023702, 0.005694, 0.007903, 0.002320, -0.009518, 0.003423, -0.000255, 0.003867
0.020205, 0.044998, -0.004168, 0.036725, -0.008730, 0.033141, -0.000247, 0.036573
0.021230, 0.012136, -0.003012, 0.001566, -0.008856, -0.002844, -0.000248, 0.001302
0.018510, -0.010100, -0.005487, -0.018033, -0.009020, -0.022395, -0.000248, -0.018759
0.018783, 0.005164, -0.004813, 0.000080, -0.009102, -0.005482, -0.000248, -0.000824
0.021631, -0.008785, -0.003390, -0.015295, -0.009122, -0.020553, -0.000254, -0.016199
0.019760, -0.018065, -0.009486, -0.017117, -0.008943, -0.022255, -0.000251, -0.018665
0.022019, -0.075991, -0.009845, -0.071923, -0.008795, -0.076906, -0.000251, -0.074181
0.023726, 0.027133, -0.011615, 0.034983, -0.008657, 0.030525, -0.000251, 0.031816
0.023665, 0.072001, -0.023300, 0.079137, -0.008217, 0.073487, -0.000249, 0.075390
0.031860, -0.018636, -0.010340, -0.020497, -0.008289, -0.024172, -0.000252, -0.020313
0.038033, -0.012219, -0.002681, -0.013357, -0.008593, -0.017490, -0.000254, -0.013819
0.030199, -0.055451, -0.025709, -0.057928, -0.008378, -0.065275, -0.000245, -0.060291
0.038322, -0.022136, -0.019157, -0.025756, -0.008275, -0.032024, -0.000246, -0.027022
0.043218, 0.053175, -0.023757, 0.052823, -0.007559, 0.045505, -0.000240, 0.049529
0.046131, -0.015782, -0.025027, -0.022576, -0.007225, -0.029471, -0.000237, -0.025065
0.047423, -0.044815, -0.022790, -0.038185, -0.007635, -0.046560, -0.000242, -0.044759
0.051079, -0.011225, -0.023236, -0.006861, -0.007435, -0.014706, -0.000241, -0.012363
0.048931, 0.075285, -0.040216, 0.079746, -0.006896, 0.070464, -0.000234, 0.073154
0.049700, 0.004426, -0.039968, 0.013231, -0.006977, 0.003129, -0.000233, 0.005141
0.050160, 0.065174, -0.028223, 0.074432, -0.007511, 0.066908, -0.000238, 0.069251
0.055711, 0.046555, -0.027362, 0.056432, -0.007428, 0.049761, -0.000236, 0.053320
0.057487, 0.034507, -0.015526, 0.047625, -0.008084, 0.041145, -0.000241, 0.045213
0.059829, 0.008251, -0.010497, 0.023126, -0.008691, 0.016835, -0.000244, 0.021714
0.062501, 0.013918, -0.004942, 0.021641, -0.008890, 0.013808, -0.000236, 0.021469
0.063272, 0.026653, -0.002887, 0.036072, -0.009977, 0.028132, -0.000265, 0.035728
0.063807, 0.068393, -0.003192, 0.072095, -0.010605, 0.063372, -0.000274, 0.071914
0.062401, -0.010247, -0.004036, -0.009165, -0.010301, -0.018426, -0.000260, -0.009329
0.061428, 0.034511, -0.006375, 0.031624, -0.010474, 0.022131, -0.000248, 0.031892
0.061494, -0.015522, -0.005481, -0.017608, -0.010167, -0.025644, -0.000246, -0.017450
0.061454, 0.005701, -0.009318, 0.005852, -0.010682, -0.001196, -0.000245, 0.005730
0.056615, 0.023081, -0.005452, 0.020719, -0.008380, 0.015311, -0.000211, 0.020638
0.055848, -0.007312, -0.005022, -0.011313, -0.008039, -0.015422, -0.000195, -0.011295
0.055244, 0.030277, -0.006568, 0.026460, -0.008401, 0.020928, -0.000199, 0.026236
0.056632, 0.016068, -0.008553, 0.013519, -0.010457, 0.006008, -0.000266, 0.012923
0.057449, 0.013766, -0.011346, 0.008805, -0.015569, -0.003103, -0.000389, 0.008263
0.055587, -0.005368, -0.012787, -0.016442, -0.015354, -0.028847, -0.000630, -0.017004
0.053890, 0.060194, -0.013687, 0.047087, -0.015153, 0.033653, -0.000940, 0.045800
0.055449, 0.005855, -0.012603, -0.003261, -0.015753, -0.017601, -0.002985, -0.008311
0.048204, -0.060289, -0.016145, -0.073978, -0.015874, -0.090742, -0.002850, -0.079008
0.048194, 0.006400, -0.016108, 0.010454, -0.015691, -0.007545, -0.002943, 0.005170
0.058167, -0.030356, -0.017161, -0.034078, -0.012948, -0.049129, -0.003875, -0.040428
0.056837, 0.103301, -0.016641, 0.102181, -0.012140, 0.088691, -0.003879, 0.096086
0.057759, -0.007683, -0.017278, -0.001018, -0.010074, -0.010742, -0.003895, -0.007468
0.054598, 0.007953, -0.006969, 0.012544, -0.012509, 0.004377, -0.004674, 0.007956
0.054534, -0.009528, -0.005794, -0.002226, -0.011755, -0.009078, -0.004507, -0.006810
0.060242, 0.000589, -0.007865, 0.022432, -0.013476, 0.015718, -0.005481, 0.018362
0.058361, 0.033824, -0.006728, 0.056854, -0.012698, 0.049632, -0.005215, 0.052153
0.057217, -0.020583, -0.003435, 0.003026, -0.012469, -0.004377, -0.005079, -0.001264
0.059528, 0.014594, 0.020009, 0.032778, -0.011737, 0.029608, -0.004543, 0.032046
0.056559, -0.025959, 0.022152, -0.007968, -0.012088, -0.006521, -0.004647, -0.004436
0.064720, 0.024066, 0.032109, 0.046784, -0.015395, 0.045468, -0.006026, 0.048808
0.054747, 0.000747, 0.020892, 0.016403, -0.015151, 0.007831, -0.005693, 0.013349
0.054982, 0.004204, 0.015565, 0.020075, -0.016075, 0.008733, -0.005685, 0.016593
0.051239, -0.008319, 0.016787, 0.007668, -0.015852, -0.004584, -0.005512, 0.003748
0.050050, -0.008231, 0.021999, 0.007100, -0.015766, -0.003222, -0.005431, 0.002130
0.048388, 0.039806, 0.027132, 0.051688, -0.015407, 0.043132, -0.005331, 0.048628
0.046386, 0.041991, 0.033315, 0.052479, -0.014854, 0.046005, -0.005065, 0.050928
0.055105, 0.026288, 0.056990, 0.032118, -0.015457, 0.035010, -0.005149, 0.042099
0.064916, -0.010288, 0.067504, -0.011481, -0.015588, 0.003140, -0.004967, 0.009755
0.067209, 0.064367, 0.076723, 0.066975, -0.017620, 0.080300, -0.005655, 0.086268
0.064981, 0.073756, 0.072157, 0.082071, -0.017865, 0.089204, -0.005900, 0.094184
0.072764, 0.006331, 0.093051, 0.012795, -0.019569, 0.017527, -0.006366, 0.025044
0.088915, -0.030823, 0.108198, -0.018517, -0.020743, -0.013821, -0.006607, -0.005188
0.096351, 0.006785, 0.109580, 0.017778, -0.021228, 0.030869, -0.006718, 0.037641
0.096697, -0.032754, 0.109503, -0.022528, -0.021381, 0.002296, -0.006860, 0.005585
0.100306, 0.046210, 0.113966, 0.058746, -0.022132, 0.080240, -0.007044, 0.083460
0.097468, -0.083899, 0.113936, -0.070828, -0.022665, -0.046225, -0.007260, -0.045829
0.103267, -0.061673, 0.129048, -0.047376, -0.024092, -0.024160, -0.007722, -0.021264
0.094130, 0.001770, 0.129948, 0.017213, -0.024566, 0.035582, -0.007752, 0.037251
0.086580, -0.017860, 0.122153, -0.000586, -0.024133, 0.006960, -0.007602, 0.013899
0.084720, 0.079980, 0.118374, 0.104171, -0.023875, 0.103591, -0.007536, 0.113585
0.082669, 0.003728, 0.117957, 0.025743, -0.024594, 0.016975, -0.007778, 0.025500
0.091135, 0.037905, 0.127528, 0.050833, -0.027254, 0.040292, -0.008419, 0.052033
0.089698, 0.040439, 0.131819, 0.043360, -0.029567, 0.034946, -0.010449, 0.052355
0.091612, -0.020585, 0.135606, 0.000350, -0.031875, -0.026085, -0.012339, -0.009508
0.094340, -0.023282, 0.136445, -0.031591, -0.032156, -0.025972, -0.012260, -0.012186
0.092898, -0.006954, 0.138313, -0.008887, -0.032500, -0.006331, -0.013519, 0.006785
0.091822, 0.036603, 0.147886, 0.037462, -0.032394, 0.028771, -0.015762, 0.040628
0.091373, -0.041337, 0.152857, -0.029616, -0.032550, -0.050342, -0.017031, -0.047246
0.093897, -0.191781, 0.151221, -0.196692, -0.032559, -0.200261, -0.016687, -0.182376
0.091530, -0.039834, 0.152703, -0.043249, -0.030953, -0.058139, -0.016477, -0.055433
0.080893, 0.024648, 0.121266, 0.019667, -0.024289, 0.015072, -0.014105, -0.004187
0.078334, 0.004400, 0.114744, 0.003416, -0.021858, 0.002479, -0.012434, -0.021519
0.078320, 0.041110, 0.114949, 0.035499, -0.021917, 0.034973, -0.012062, 0.024118
0.078365, 0.020161, 0.114636, 0.009645, -0.021832, 0.006812, -0.011347, 0.004520
0.079913, 0.012164, 0.120082, -0.006105, -0.022863, -0.014154, -0.011951, -0.006447
0.079712, -0.035262, 0.120533, -0.034462, -0.022632, -0.036974, -0.011803, -0.033906
0.078902, -0.019187, 0.121199, -0.015940, -0.020919, -0.013061, -0.011206, -0.014699
0.077543, -0.005189, 0.118336, 0.002221, -0.020876, 0.005002, -0.011052, 0.004617
0.076942, -0.079529, 0.119325, -0.074870, -0.020325, -0.068473, -0.010718, -0.071942
0.076553, 0.017975, 0.119143, 0.019883, -0.021265, 0.026802, -0.011146, 0.028985
0.071544, 0.046574, 0.111273, 0.058998, -0.020074, 0.050150, -0.010289, 0.057312
0.072920, 0.013766, 0.114672, 0.022917, -0.020527, 0.021096, -0.010558, 0.025384
0.075305, -0.012602, 0.117061, -0.004838, -0.022059, -0.003083, -0.011332, 0.002308
0.076407, 0.018561, 0.118885, 0.021483, -0.022222, 0.025727, -0.011430, 0.027850
0.075860, -0.023006, 0.118513, -0.023426, -0.022222, -0.019927, -0.011696, -0.014874
0.076881, -0.022949, 0.120279, -0.031064, -0.022770, -0.018355, -0.012153, -0.011648
0.075897, 0.000754, 0.117903, -0.003609, -0.023283, 0.013571, -0.012818, 0.020867
0.077748, -0.050571, 0.115603, -0.047909, -0.022258, -0.032819, -0.012304, -0.027715
0.078029, -0.040674, 0.115196, -0.045526, -0.023108, -0.016746, -0.012822, -0.013545
0.072295, 0.087679, 0.110643, 0.084685, -0.025920, 0.106669, -0.014481, 0.110152
0.069700, -0.049901, 0.103570, -0.049160, -0.026434, -0.028994, -0.014631, -0.026903
0.074678, -0.003349, 0.115445, -0.003610, -0.029826, 0.026042, -0.015915, 0.026603
0.072160, -0.064294, 0.105998, -0.063062, -0.027092, -0.035398, -0.014628, -0.034746
0.072115, 0.007126, 0.106843, 0.008647, -0.027804, 0.039440, -0.014921, 0.041542
0.067684, 0.000947, 0.099013, -0.000651, -0.027782, 0.031431, -0.014871, 0.034471
0.068522, -0.075958, 0.101826, -0.084403, -0.028136, -0.046748, -0.014974, -0.045044
0.068679, -0.073191, 0.101112, -0.079181, -0.028023, -0.044513, -0.014823, -0.041769
0.062110, -0.088304, 0.085271, -0.090395, -0.027252, -0.061732, -0.014492, -0.058697
0.058820, -0.041554, 0.075372, -0.043939, -0.027402, -0.015085, -0.014599, -0.013397
0.052292, 0.080792, 0.062289, 0.081662, -0.026869, 0.104851, -0.014458, 0.106818
0.051158, -0.032200, 0.058358, -0.030273, -0.027011, -0.006097, -0.014521, -0.005227
0.054873, -0.016141, 0.067288, -0.014653, -0.026455, 0.010085, -0.014113, 0.009915
0.052448, -0.118349, 0.062334, -0.113641, -0.026462, -0.092815, -0.014054, -0.094134
0.051259, -0.127779, 0.060477, -0.126400, -0.026427, -0.103646, -0.013948, -0.104824
0.043928, 0.076569, 0.048852, 0.079274, -0.026979, 0.095906, -0.013931, 0.093952
0.036752, -0.033451, 0.035821, -0.027466, -0.027578, -0.011412, -0.014071, -0.014402
0.039150, 0.000300, 0.041584, 0.005132, -0.026150, 0.028082, -0.013482, 0.023914
0.035182, 0.021442, 0.037211, 0.026636, -0.025076, 0.041911, -0.012905, 0.038628
0.033673, 0.076532, 0.035155, 0.080612, -0.023770, 0.099534, -0.012372, 0.096061
0.034822, -0.046409, 0.037149, -0.041996, -0.023489, -0.021604, -0.012270, -0.025652
0.035680, -0.008434, 0.038110, -0.003758, -0.020087, 0.014292, -0.011063, 0.010695
0.028743, 0.009200, 0.028437, 0.014853, -0.018382, 0.028822, -0.010332, 0.025236
0.027730, -0.074839, 0.027336, -0.069767, -0.017726, -0.055267, -0.010154, -0.059039
0.028739, 0.033189, 0.028758, 0.038407, -0.017595, 0.054213, -0.010107, 0.050449
0.023081, -0.014338, 0.021194, -0.010348, -0.017839, 0.004350, -0.010105, 0.000476
0.025300, 0.012878, 0.024428, 0.017945, -0.016789, 0.034112, -0.009866, 0.030126
0.020589, 0.005395, 0.017941, 0.011196, -0.015404, 0.023728, -0.009177, 0.019937
0.024197, -0.058005, 0.022944, -0.051828, -0.015298, -0.034954, -0.009610, -0.038916
0.025803, 0.057465, 0.025035, 0.063049, -0.015070, 0.081321, -0.009678, 0.077128
0.020168, -0.030000, 0.018314, -0.025382, -0.015467, -0.009925, -0.009585, -0.014124
0.023722, -0.031837, 0.023971, -0.026497, -0.013065, -0.009611, -0.008960, -0.012472
0.016386, -0.057537, 0.018357, -0.054279, -0.010313, -0.040616, -0.008158, -0.042260
0.013512, 0.005734, 0.015717, 0.008700, -0.009797, 0.020104, -0.007891, 0.018998
0.008160, 0.034747, 0.009829, 0.037191, -0.008922, 0.045666, -0.007313, 0.044542
0.007548, -0.038410, 0.009165, -0.036663, -0.006336, -0.029062, -0.006640, -0.029310
0.009727, -0.003381, 0.011396, -0.000351, -0.005124, 0.006090, -0.006285, 0.006302
0.007281, 0.020157, 0.008687, 0.019205, -0.006292, 0.028577, -0.006648, 0.028003
0.006699, -0.012696, 0.007911, -0.013335, -0.005455, -0.005695, -0.006387, -0.006076
0.006524, -0.029708, 0.008574, -0.031114, -0.001916, -0.025860, -0.005209, -0.024860
0.006353, 0.014798, 0.007462, 0.014225, -0.003201, 0.020054, -0.006014, 0.020762
0.008716, 0.003903, 0.010208, 0.002885, -0.012842, 0.016384, -0.008349, 0.011706
0.009672, -0.001383, 0.011859, -0.001796, -0.014330, 0.012559, -0.009498, 0.007563
0.009020, 0.019402, 0.010719, 0.019740, -0.011765, 0.031417, -0.008559, 0.027667
0.008510, 0.053988, 0.009969, 0.054641, -0.010520, 0.064517, -0.009273, 0.061989
0.008305, 0.042912, 0.009442, 0.043526, -0.005924, 0.049972, -0.005168, 0.048448
0.010086, 0.018539, 0.011609, 0.019903, -0.001515, 0.024074, -0.001810, 0.023859
0.011496, -0.013592, 0.013406, -0.011259, 0.001539, -0.009072, 0.000093, -0.008261
0.012454, 0.014806, 0.014623, 0.016197, 0.001429, 0.019947, -0.000844, 0.021081
0.012030, 0.040413, 0.014289, 0.041519, 0.001032, 0.045446, -0.001207, 0.046390
0.012211, -0.024010, 0.014684, -0.022387, 0.002948, -0.019805, 0.001081, -0.018645
0.014995, 0.022514, 0.017982, 0.025997, 0.002036, 0.026796, -0.005354, 0.029052
0.013237, -0.061898, 0.015965, -0.058357, 0.003890, -0.058260, -0.001262, -0.056097
0.012526, 0.043766, 0.015667, 0.046945, 0.009716, 0.044280, 0.006398, 0.047515
0.010007, 0.062922, 0.014131, 0.065642, 0.009640, 0.061939, 0.009240, 0.064346
0.011254, -0.016198, 0.014939, -0.016834, 0.012226, -0.017198, 0.011929, -0.014373
0.012126, -0.045734, 0.014637, -0.047453, 0.016236, -0.047392, 0.018333, -0.042643
0.011909, 0.029428, 0.014157, 0.027332, 0.015859, 0.028367, 0.018880, 0.031374
0.011293, 0.001679, 0.012347, -0.000117, 0.014801, 0.001402, 0.019137, 0.004206
0.011165, -0.004437, 0.012736, -0.004830, 0.016356, -0.004264, 0.019840, -0.001410
0.011864, 0.018884, 0.013509, 0.018195, 0.015732, 0.018985, 0.018971, 0.022415
0.012242, 0.029146, 0.014033, 0.030467, 0.015528, 0.030695, 0.018759, 0.035851
0.009444, -0.027407, 0.010149, -0.026101, 0.018282, -0.025638, 0.022042, -0.018441
0.010410, 0.029189, 0.011030, 0.029749, 0.017847, 0.031123, 0.019708, 0.039647
0.009353, -0.043244, 0.009994, -0.043296, 0.018128, -0.039979, 0.021284, -0.031502
0.010461, 0.009169, 0.011056, 0.007443, 0.017481, 0.013935, 0.017433, 0.021247
0.009188, -0.015373, 0.009354, -0.016795, 0.018229, -0.010393, 0.019528, 0.000686
0.008210, 0.014528, 0.008135, 0.012774, 0.018022, 0.021061, 0.016967, 0.028438
0.009861, 0.047402, 0.010445, 0.046018, 0.018224, 0.054361, 0.017697, 0.061253
0.011598, 0.034527, 0.013532, 0.032464, 0.017311, 0.041176, 0.015333, 0.048686
0.014445, 0.007457, 0.018801, 0.006497, 0.015421, 0.013997, 0.011347, 0.019878
0.015396, -0.002418, 0.021142, -0.002918, 0.014105, 0.003653, 0.007419, 0.008793
0.011470, 0.048788, 0.015134, 0.049168, 0.013921, 0.055016, 0.005107, 0.055715
0.011991, -0.023738, 0.015962, -0.022916, 0.013857, -0.015927, 0.004597, -0.015191
0.012383, 0.027602, 0.016334, 0.028564, 0.012193, 0.034378, 0.000191, 0.029698
0.016367, -0.017807, 0.021731, -0.015674, 0.013014, -0.009861, 0.001972, -0.012520
0.021265, 0.032052, 0.029020, 0.035408, 0.012348, 0.040599, -0.001190, 0.032336
0.017950, 0.026465, 0.024487, 0.029716, 0.012050, 0.036184, -0.000095, 0.029226
0.019463, 0.015335, 0.025761, 0.018578, 0.010791, 0.024610, -0.002826, 0.011206
0.019325, 0.004021, 0.024873, 0.008010, 0.008810, 0.011676, -0.004552, -0.002730
0.018331, 0.014629, 0.023256, 0.019749, 0.007173, 0.021227, -0.005159, 0.006696
0.014288, 0.021952, 0.017381, 0.026303, 0.004696, 0.026642, -0.005583, 0.016191
0.016324, -0.000028, 0.019320, 0.003871, 0.004548, 0.003780, -0.005656, -0.005581
0.016581, 0.004068, 0.018378, 0.009297, 0.003178, 0.007314, -0.006169, -0.003056
0.015812, -0.036289, 0.017242, -0.029310, 0.002540, -0.033387, -0.006136, -0.044605
0.019515, 0.010139, 0.020991, 0.019370, 0.003787, 0.014585, -0.005752, -0.003675
0.017088, 0.036686, 0.020314, 0.051443, 0.004123, 0.042273, -0.004733, 0.029003
0.017839, 0.005183, 0.019585, 0.023236, 0.003494, 0.009515, -0.004682, -0.000094
0.017436, 0.054142, 0.012248, 0.066201, 0.000797, 0.056810, -0.005849, 0.044530
0.017036, -0.017756, 0.009095, -0.008661, -0.000030, -0.015868, -0.005914, -0.028446
0.022111, 0.009721, 0.003484, 0.014918, -0.001166, 0.011480, -0.006915, -0.002724
0.016917, 0.010220, 0.000773, 0.012217, -0.002940, 0.009384, -0.006475, -0.001143
0.019411, -0.021598, 0.000385, -0.019297, -0.002783, -0.021819, -0.006339, -0.036202
0.022287, 0.030168, 0.000163, 0.032997, -0.002694, 0.030628, -0.006231, -0.003673
0.028332, 0.057497, 0.004512, 0.064925, 0.000015, 0.061914, -0.004890, 0.048237
0.029312, 0.044761, 0.000435, 0.050308, -0.002103, 0.048434, -0.005177, 0.036373
0.028457, 0.040231, -0.005521, 0.042432, -0.006466, 0.041120, -0.006404, 0.021605
0.037128, -0.075181, -0.007446, -0.070931, -0.007328, -0.072444, -0.006914, -0.089458
0.041636, 0.044789, -0.010533, 0.049406, -0.009427, 0.049104, -0.007439, 0.038870
0.037718, -0.059967, -0.008218, -0.056327, -0.007293, -0.056723, -0.005678, -0.066472
0.044341, 0.009637, -0.010549, 0.014029, -0.008764, 0.011513, -0.006200, -0.008663
0.046247, 0.000461, -0.006546, 0.011410, -0.006186, 0.008243, -0.005171, -0.008438
0.047512, 0.015691, -0.008352, 0.026552, -0.007487, 0.023451, -0.005123, -0.006029
0.049711, 0.055452, -0.009272, 0.066358, -0.008220, 0.062900, -0.004983, 0.056007
0.054167, 0.029909, -0.010192, 0.040665, -0.009315, 0.036948, -0.004857, 0.027652
0.058890, -0.004408, -0.012614, 0.007807, -0.012477, 0.002169, -0.005424, -0.002847
0.056302, -0.027159, -0.015974, -0.015181, -0.015862, -0.022070, -0.005816, -0.022576
0.052622, 0.011709, -0.018040, 0.022062, -0.017685, 0.011596, -0.005850, 0.010968
0.050285, -0.015157, -0.018673, -0.000747, -0.017951, -0.013395, -0.005738, -0.017560
0.057208, -0.149255, -0.018828, -0.132993, -0.018439, -0.143666, -0.005820, -0.153739
0.056585, 0.003022, -0.019829, 0.017680, -0.018918, 0.008060, -0.005675, -0.003802
0.033956, 0.084247, -0.022004, 0.088026, -0.016102, 0.082219, -0.003909, 0.080929
0.042638, 0.051452, -0.021608, 0.059418, -0.016090, 0.026805, -0.003928, 0.046571
0.048045, 0.040940, -0.023207, 0.049303, -0.019294, 0.038131, -0.004578, 0.033646
0.069982, 0.013993, -0.022476, 0.022451, -0.020144, 0.010730, -0.004985, 0.007609
0.068847, -0.031336, -0.023282, -0.027006, -0.022413, -0.041121, -0.005341, -0.044952
0.061241, 0.037199, -0.023510, 0.041150, -0.024119, 0.020005, -0.005432, 0.018826
0.065973, 0.033464, -0.023217, 0.038790, -0.022838, 0.019175, -0.004993, 0.018735
0.076685, -0.035710, -0.021971, -0.038662, -0.023224, -0.058652, -0.005226, -0.055243
0.076790, 0.046312, -0.023376, 0.044372, -0.024167, 0.023220, -0.005412, 0.024035
0.077295, 0.003521, -0.023109, -0.006110, -0.021914, -0.026015, -0.004918, -0.030186
0.079214, -0.003022, -0.023726, -0.005482, -0.022863, -0.026832, -0.005176, -0.018852
0.078707, -0.010678, -0.023811, -0.012848, -0.021822, -0.027781, -0.004785, -0.024984
0.077200, 0.060553, -0.023650, 0.046475, -0.020798, 0.034811, -0.004642, 0.041227
0.080634, 0.029612, -0.023426, 0.024380, -0.020048, 0.011309, -0.004497, 0.015418
0.077262, 0.079700, -0.024488, 0.076815, -0.020918, 0.065076, -0.004668, 0.072709
0.077080, -0.059494, -0.024937, -0.061371, -0.021485, -0.072252, -0.004806, -0.065946
0.077839, 0.003626, -0.027038, -0.001475, -0.023043, -0.012208, -0.005060, -0.003861
0.077385, 0.071505, -0.025479, 0.065372, -0.021561, 0.056902, -0.004846, 0.064039
0.077101, -0.035196, -0.026109, -0.045642, -0.021250, -0.054285, -0.004819, -0.049349
0.072761, -0.018010, -0.028947, -0.029072, -0.021848, -0.035981, -0.004891, -0.030474
0.074006, 0.040216, -0.029155, 0.029353, -0.020578, 0.023939, -0.004689, 0.028990
0.075101, -0.021062, -0.028845, -0.032252, -0.020019, -0.036034, -0.004616, -0.032867
0.073843, 0.039205, -0.029479, 0.028403, -0.020422, 0.025115, -0.004689, 0.027726
0.071594, -0.046079, -0.029344, -0.057289, -0.019518, -0.059538, -0.004523, -0.057937
0.072235, -0.007106, -0.029730, -0.021704, -0.020232, -0.023745, -0.004669, -0.021637
0.073529, -0.052693, -0.028864, -0.064933, -0.019349, -0.067647, -0.004462, -0.064968
0.076713, 0.011515, -0.028390, 0.015915, -0.019420, 0.013383, -0.004486, 0.013634
0.078378, 0.019204, -0.027089, 0.022905, -0.018281, 0.021760, -0.004245, 0.021097
0.076908, -0.095563, -0.027074, -0.089404, -0.018008, -0.089669, -0.004173, -0.090715
0.076954, -0.087920, -0.027115, -0.073082, -0.017933, -0.072678, -0.004158, -0.075968
0.070747, 0.083605, -0.026751, 0.102898, -0.017858, 0.101719, -0.004071, 0.098550
0.058750, -0.039896, -0.026982, -0.020074, -0.017967, -0.021110, -0.003973, -0.024574
0.071201, -0.043362, -0.024944, -0.020352, -0.017288, -0.019832, -0.003968, -0.023623
0.063285, -0.034237, -0.025353, -0.014516, -0.017583, -0.013973, -0.003968, -0.017518
0.055628, -0.083592, -0.025643, -0.053823, -0.017845, -0.054272, -0.003961, -0.060267
0.051969, -0.109573, -0.027747, -0.081412, -0.019067, -0.078737, -0.004094, -0.086334
0.031773, 0.025450, -0.029215, 0.044917, -0.019698, 0.049397, -0.004065, 0.041486
0.005838, 0.027115, -0.029222, 0.033945, -0.020101, 0.039295, -0.003898, 0.029999
0.014195, 0.009655, -0.030449, 0.019884, -0.019529, 0.025969, -0.003890, 0.016611
0.016552, -0.043978, -0.025540, -0.032958, -0.017783, -0.027188, -0.003680, -0.035530
0.018894, 0.004762, -0.030445, 0.019347, -0.018160, 0.023701, -0.003800, 0.014341
0.010579, 0.020929, -0.032817, 0.033838, -0.018590, 0.035586, -0.003772, 0.025797
0.011859, -0.034449, -0.034054, -0.018430, -0.018256, -0.019271, -0.003761, -0.030341
0.015502, -0.027924, -0.042162, -0.006422, -0.018643, -0.010214, -0.003955, -0.021612
0.009479, -0.063208, -0.044144, -0.043025, -0.018439, -0.049686, -0.003764, -0.063290
0.003953, -0.102415, -0.037081, -0.085964, -0.017147, -0.092094, -0.003358, -0.105683
-0.005202, 0.030265, -0.036626, 0.040703, -0.016949, 0.035248, -0.002851, 0.022714
-0.018847, -0.073450, -0.044979, -0.066171, -0.017665, -0.075424, -0.002022, -0.087575
-0.011841, 0.066202, -0.062500, 0.089835, -0.019556, 0.069548, -0.002798, 0.055491
-0.022942, 0.058322, -0.068667, 0.078348, -0.020092, 0.054061, -0.002125, 0.039912
-0.012698, -0.037822, -0.065145, -0.011422, -0.019994, -0.035431, -0.002692, -0.049701
-0.007584, -0.016360, -0.047646, 0.006199, -0.018635, -0.011726, -0.002769, -0.024887
-0.012433, -0.018247, -0.051938, 0.004672, -0.019458, -0.016476, -0.002560, -0.037393
-0.014883, 0.017913, -0.048869, 0.039623, -0.019287, 0.018494, -0.002185, -0.002027
-0.018872, 0.092515, -0.045224, 0.108194, -0.018222, 0.088622, -0.001155, 0.074941
-0.018501, 0.077940, -0.036510, 0.088884, -0.017032, 0.073377, -0.000812, 0.062338
-0.011246, 0.019960, -0.019468, 0.024745, -0.015289, 0.019689, -0.001809, 0.004745
-0.004898, 0.011855, -0.008041, 0.013459, -0.014361, 0.015464, -0.002515, -0.002655
-0.004351, 0.039162, -0.005106, 0.039138, -0.013546, 0.042799, -0.002419, 0.019198
-0.003463, 0.023633, -0.003631, 0.023361, -0.013528, 0.027692, -0.002456, 0.002537
0.003332, 0.040135, 0.001059, 0.041922, -0.016086, 0.050772, -0.004075, 0.023424
0.004234, 0.020619, 0.003282, 0.021820, -0.015255, 0.031668, -0.003885, 0.007056
0.005367, 0.045704, 0.009018, 0.044625, -0.012245, 0.056058, -0.003694, 0.031002
0.005703, 0.015368, 0.010846, 0.013662, -0.007686, 0.023198, -0.003424, 0.005667
0.007968, 0.019771, 0.014427, 0.018284, -0.004884, 0.028045, -0.003505, 0.008438
0.008594, -0.015403, 0.015270, -0.016230, -0.003752, -0.007171, -0.003479, -0.025145
0.009875, -0.030322, 0.016438, -0.030675, -0.004050, -0.020640, -0.003836, -0.043019
0.008722, -0.003424, 0.015536, -0.002743, -0.002329, 0.003695, -0.003367, -0.005645
0.006806, 0.011606, 0.013806, 0.012730, -0.001021, 0.016494, -0.002731, 0.008136
0.006680, -0.028861, 0.013254, -0.027611, -0.003098, -0.023817, -0.003044, -0.034130
0.007196, 0.002593, 0.014288, 0.003961, -0.000093, 0.007097, -0.002796, 0.000732
0.005932, 0.025303, 0.013455, 0.025924, -0.000677, 0.028912, -0.002790, 0.021977
0.006069, 0.009736, 0.013580, 0.011262, -0.000799, 0.012946, -0.002871, 0.005161
0.007030, 0.058165, 0.014156, 0.060473, -0.001346, 0.061507, -0.003121, 0.053441
0.007692, 0.016841, 0.015993, 0.020460, 0.002077, 0.020812, -0.002919, 0.012049
0.009468, -0.015036, 0.017274, -0.010066, 0.003662, -0.009874, -0.003105, -0.019618
0.009822, 0.025947, 0.019099, 0.032502, 0.009118, 0.033049, -0.002885, 0.021251
0.009534, -0.027673, 0.018007, -0.020612, 0.005947, -0.021471, -0.003015, -0.033792
0.010156, -0.020050, 0.017570, -0.012384, 0.005303, -0.014081, -0.003149, -0.027339
0.009687, 0.021373, 0.019475, 0.030165, 0.010409, 0.029951, -0.002780, 0.013976
0.009075, -0.001446, 0.019170, 0.008624, 0.008885, 0.006615, -0.002739, -0.010323
0.009289, 0.037737, 0.017631, 0.045907, 0.006239, 0.043997, -0.002901, 0.026707
0.009441, 0.012998, 0.017913, 0.020632, 0.007649, 0.020484, -0.002755, 0.002548
0.009671, 0.012500, 0.015401, 0.018766, 0.003555, 0.016750, -0.003035, -0.000306
0.009949, -0.021063, 0.015176, -0.015554, 0.003444, -0.017783, -0.002990, -0.030907
0.009733, 0.043644, 0.013562, 0.048789, 0.000714, 0.044631, -0.003095, 0.031027
0.009546, 0.012855, 0.013886, 0.016957, 0.001509, 0.014073, -0.002946, 0.000359
0.009274, 0.045117, 0.010884, 0.047189, -0.003198, 0.042450, -0.003268, 0.033937
0.009213, 0.003948, 0.010361, 0.006050, -0.003650, 0.000389, -0.003248, -0.007254
0.009077, 0.024068, 0.009296, 0.025273, -0.005751, 0.017867, -0.003408, 0.011971
0.009526, 0.026898, 0.008837, 0.027699, -0.006028, 0.021284, -0.003439, 0.015962
0.010149, -0.025887, 0.008586, -0.025364, -0.006602, -0.032845, -0.003542, -0.037307
0.008732, 0.000316, 0.006548, 0.000721, -0.008365, -0.007433, -0.003577, -0.011297
0.009364, -0.005442, 0.007603, -0.004415, -0.006476, -0.010747, -0.003427, -0.014642
0.009787, 0.038611, 0.007862, 0.039729, -0.005980, 0.034207, -0.003386, 0.030747
0.010125, 0.009662, 0.008186, 0.011131, -0.005413, 0.006046, -0.003336, 0.001924
0.011577, 0.033142, 0.008647, 0.035020, -0.005633, 0.030094, -0.003446, 0.026262
0.014024, 0.026009, 0.009895, 0.028239, -0.004110, 0.023956, -0.003465, 0.020453
0.012939, 0.021821, 0.008390, 0.024141, -0.005882, 0.019380, -0.003539, 0.016572
0.012135, 0.021261, 0.007265, 0.023308, -0.007253, 0.018575, -0.003581, 0.015991
0.011804, -0.020360, 0.006486, -0.018324, -0.008216, -0.023036, -0.003614, -0.025080
0.013244, 0.026972, 0.006200, 0.029196, -0.007852, 0.024718, -0.003654, 0.022480
0.012914, 0.039884, 0.006489, 0.042308, -0.007865, 0.038260, -0.003599, 0.036134
0.012284, 0.034419, 0.005103, 0.036633, -0.009153, 0.032959, -0.003634, 0.031797
0.013722, -0.004851, 0.004845, -0.002658, -0.009166, -0.006128, -0.003725, -0.007646
0.015015, -0.038293, 0.004775, -0.035723, -0.009313, -0.039034, -0.003791, -0.040815
0.017447, 0.003391, 0.007055, 0.006590, -0.007826, 0.004917, -0.003900, 0.002044
0.021534, 0.052400, 0.011955, 0.057099, -0.004644, 0.056616, -0.004078, 0.052501
0.020938, -0.000550, 0.010980, 0.004360, -0.005472, 0.003142, -0.004032, -0.000492
0.026008, -0.033331, 0.015082, -0.027328, -0.003451, -0.027970, -0.004320, -0.031579
0.023883, -0.018790, 0.012063, -0.011262, -0.005488, -0.006928, -0.004239, -0.009711
0.021886, -0.072829, 0.009888, -0.064459, -0.006952, -0.060782, -0.004129, -0.063964
0.024578, -0.040843, 0.013002, -0.031475, -0.005654, -0.026715, -0.004216, -0.029235
0.023744, 0.009777, 0.013725, 0.019655, -0.006164, 0.023935, -0.004241, 0.020815
0.024331, 0.023240, 0.015589, 0.033790, -0.006031, 0.038958, -0.004520, 0.035800
0.025182, -0.008346, 0.016145, 0.002207, -0.005832, 0.007860, -0.004615, 0.004769
0.022615, -0.091533, 0.010452, -0.081582, -0.007199, -0.076616, -0.004210, -0.080277
0.019272, -0.037676, 0.004542, -0.029033, -0.009041, -0.024254, -0.003931, -0.028641
0.015105, -0.012076, 0.001086, -0.009337, -0.011583, -0.009053, -0.003942, -0.012955
0.013637, -0.118052, -0.000738, -0.110913, -0.012652, -0.105670, -0.004003, -0.111730
0.011638, -0.190394, -0.004419, -0.187157, -0.014044, -0.181212, -0.003879, -0.198045
0.004800, -0.137286, -0.010346, -0.125396, -0.017764, -0.118994, -0.003965, -0.133765
-0.003664, 0.113014, -0.015754, 0.120318, -0.024300, 0.127640, -0.002541, 0.111119
-0.016254, -0.088272, -0.039669, -0.084438, -0.031321, -0.077755, -0.002399, -0.100848
-0.012083, -0.131865, -0.030646, -0.135082, -0.027581, -0.122580, -0.001880, -0.138309
-0.019930, 0.157193, -0.041129, 0.155852, -0.031713, 0.164473, -0.001474, 0.142623
-0.027873, 0.112448, -0.047242, 0.085441, -0.036492, 0.120267, -0.000779, 0.099104
-0.021581, 0.125788, -0.042845, 0.105993, -0.031862, 0.132715, -0.002618, 0.106981
-0.015207, -0.014896, -0.049208, -0.041076, -0.027684, -0.013372, -0.003507, -0.026321
-0.009116, 0.098971, -0.056753, 0.079412, -0.023706, 0.101068, -0.004465, 0.089197
-0.011768, 0.008771, -0.053948, 0.003417, -0.024289, 0.013303, -0.004292, 0.002086
-0.006618, 0.038471, -0.059051, 0.039708, -0.022854, 0.041553, -0.005043, 0.031213
-0.007190, 0.011736, -0.060104, 0.025096, -0.022626, 0.021099, -0.005073, 0.006389
-0.007357, 0.062168, -0.061620, 0.052681, -0.022035, 0.066027, -0.005028, 0.052578
-0.007645, 0.002662, -0.060464, -0.001689, -0.021255, 0.007532, -0.005038, -0.003039
-0.008760, -0.027284, -0.063150, -0.022282, -0.019667, -0.020644, -0.004864, -0.033534
-0.010068, 0.017287, -0.063121, 0.012203, -0.019293, 0.018547, -0.004804, 0.009007
-0.011932, 0.071370, -0.064161, 0.073560, -0.020289, 0.077597, -0.005002, 0.059774
-0.012594, -0.000699, -0.063477, 0.023291, -0.019487, 0.001487, -0.004876, -0.024064
-0.007342, -0.104388, -0.063189, -0.082188, -0.017871, -0.101833, -0.005547, -0.162128
-0.006846, -0.025808, -0.062478, 0.008206, -0.018515, -0.019517, -0.005618, -0.031538
-0.011709, 0.118492, -0.069385, 0.156888, -0.019578, 0.126711, -0.001389, 0.111336
-0.013453, -0.026263, -0.070227, 0.018777, -0.020637, -0.017596, -0.001413, -0.035582
-0.007546, 0.070262, -0.048652, 0.102713, -0.014454, 0.078581, -0.001428, 0.065535
-0.009605, 0.037229, -0.048424, 0.063382, -0.015291, 0.044673, -0.001129, 0.033011
-0.006922, 0.000232, -0.035543, 0.023078, -0.011771, 0.006252, -0.001328, -0.004548
-0.005307, 0.061738, -0.031589, 0.078279, -0.011393, 0.067943, -0.001700, 0.055808
-0.005531, 0.037498, -0.027418, 0.055563, -0.009324, 0.040396, -0.001156, 0.032605
-0.002911, 0.012115, -0.020453, 0.026504, -0.006150, 0.015842, -0.001510, 0.010716
-0.000170, 0.003612, -0.013704, 0.013681, -0.002589, 0.005744, -0.001144, 0.001170
0.000589, 0.040121, -0.011524, 0.050480, -0.001816, 0.042193, -0.001132, 0.039935
0.001016, -0.036326, -0.009858, -0.027084, -0.000350, -0.035283, -0.000894, -0.036019
0.004220, 0.004893, -0.004591, 0.011407, 0.003041, 0.004966, -0.000714, 0.007271
0.001363, -0.034467, -0.008121, -0.027655, -0.000311, -0.033425, -0.000988, -0.021826
0.001760, -0.070923, -0.007093, -0.064888, 0.000070, -0.069970, -0.001056, -0.053362
0.000030, -0.104278, -0.009253, -0.098867, -0.001863, -0.102701, -0.001795, -0.104156
-0.003060, 0.095729, -0.012529, 0.102724, -0.003752, 0.097374, -0.002748, 0.094276
-0.006214, 0.014809, -0.017363, 0.023733, -0.008291, 0.017310, -0.002747, 0.007366
-0.002056, 0.004027, -0.010594, 0.010704, -0.002744, 0.005382, -0.002651, -0.001832
-0.001488, 0.062520, -0.009035, 0.069040, -0.001624, 0.063078, -0.002613, 0.049714
-0.001366, 0.040841, -0.008102, 0.046478, -0.000904, 0.040140, -0.002561, 0.038284
0.001461, 0.017613, -0.003534, 0.021145, 0.002366, 0.016696, -0.002883, 0.005073
0.003212, -0.019554, -0.001461, -0.016580, 0.002273, -0.019002, -0.002979, -0.031644
0.003811, -0.109229, 0.000049, -0.106592, 0.003411, -0.108576, -0.002962, -0.119450
0.002856, 0.076496, -0.000176, 0.078221, 0.003485, 0.075352, -0.002668, 0.087907
-0.002479, 0.008874, -0.005317, 0.011635, 0.000903, 0.006570, -0.001858, 0.013055
0.000427, 0.028853, -0.001277, 0.030136, 0.003705, 0.026173, -0.001414, 0.033403
0.001003, 0.031725, -0.001186, 0.033306, 0.003410, 0.029591, -0.001426, 0.036617
0.002084, -0.004310, 0.000192, -0.003325, 0.004396, -0.006461, -0.001276, -0.000071
0.002544, 0.001875, 0.001584, 0.002105, 0.005691, -0.000824, -0.001037, 0.005263
0.002357, 0.019080, 0.001411, 0.019191, 0.005473, 0.016187, -0.001035, 0.032514
0.002781, 0.058218, 0.001460, 0.058527, 0.005402, 0.055743, -0.001057, 0.071510
0.003598, -0.009933, 0.002316, -0.010053, 0.006003, -0.012287, -0.000611, -0.001477
0.007109, 0.017364, 0.005077, 0.017721, 0.008350, 0.015842, 0.000126, 0.020677
0.007725, 0.025906, 0.004928, 0.026215, 0.008433, 0.047294, 0.000026, 0.030020
0.007835, 0.004202, 0.005462, 0.004042, 0.008596, 0.002833, 0.000195, 0.007372
0.007660, -0.022028, 0.006128, -0.022334, 0.004869, -0.020653, 0.000326, -0.019159
0.007755, 0.052520, 0.006215, 0.051827, 0.004935, 0.056045, 0.000354, 0.049033
0.009519, -0.032051, 0.006071, -0.031169, 0.005641, -0.027221, 0.000265, -0.031326
0.012098, 0.044189, 0.008032, 0.044570, 0.006381, 0.051720, 0.000901, 0.044193
0.011033, 0.021916, 0.006854, 0.023850, 0.006230, 0.028565, 0.000501, 0.026103
0.015836, 0.006976, 0.008879, 0.009781, 0.007641, 0.015881, 0.000654, 0.014996
0.019559, 0.014020, 0.009418, 0.018273, 0.010440, 0.018189, 0.000496, 0.020961
0.026261, -0.069466, 0.013934, -0.064359, 0.014493, -0.063922, 0.000513, -0.055110
0.022922, 0.039968, 0.011958, 0.045389, 0.012448, 0.045754, 0.000589, 0.053468
0.024267, 0.001408, 0.011324, 0.009991, 0.013153, 0.009281, 0.000436, 0.018505
0.028323, -0.011241, 0.012875, -0.004394, 0.016656, -0.006044, 0.000447, 0.005159
0.025324, 0.004446, 0.012319, 0.010121, 0.014593, 0.020391, 0.000763, 0.018042
0.022934, 0.007145, 0.013319, 0.012333, 0.012818, 0.018602, 0.000825, 0.020348
0.020507, -0.039454, 0.014461, -0.038578, 0.010873, 0.006626, 0.001009, -0.033215
0.021248, 0.013697, 0.014588, 0.015612, 0.011289, 0.051434, 0.001028, 0.020916
0.018800, -0.050488, 0.014579, -0.049951, 0.010221, -0.022408, 0.001011, -0.044489
0.019410, -0.003139, 0.014981, -0.000628, 0.007863, 0.016685, 0.001065, 0.009636
0.017048, 0.013500, 0.013564, 0.011116, 0.008491, 0.053622, 0.000953, 0.017317
0.017080, -0.022993, 0.013551, -0.021260, 0.008279, -0.016104, 0.000966, -0.011346
0.016324, -0.018471, 0.013970, -0.018761, 0.004628, 0.004344, 0.001019, -0.009220
0.015820, 0.046123, 0.013455, 0.043554, 0.004500, 0.218694, 0.001013, 0.049396
0.016532, -0.028539, 0.013214, -0.028296, 0.004662, 0.087506, 0.001007, -0.019904
0.017104, 0.019089, 0.013895, 0.019997, -0.001083, 0.024472, 0.001039, 0.029372
0.015011, -0.007580, 0.013083, -0.008630, -0.000605, -0.020235, 0.001062, -0.002685
0.015889, -0.028325, 0.013674, -0.026196, -0.000681, -0.016742, 0.001073, -0.016930
0.017184, 0.002403, 0.014726, 0.006030, -0.000435, 0.007009, 0.000675, 0.007892
0.017081, -0.085841, 0.014795, -0.086964, -0.000421, -0.093706, 0.000663, -0.090077
0.014903, -0.013443, 0.013000, -0.011296, -0.000457, -0.005583, 0.000731, -0.006665
0.016562, 0.085041, 0.014204, 0.081568, -0.000105, 0.078828, 0.000638, 0.080296
0.015248, 0.003081, 0.012874, 0.001316, -0.000122, -0.001314, 0.000679, -0.001842
0.013888, -0.024891, 0.012366, -0.026034, -0.000624, -0.029136, 0.000742, -0.027576
0.014052, -0.057698, 0.012617, -0.059854, -0.000618, -0.060997, 0.000739, -0.058004
0.013220, 0.010219, 0.011721, 0.009812, -0.000594, 0.016841, 0.000779, 0.006933
0.012241, 0.046641, 0.010705, 0.044885, -0.000492, 0.046239, 0.000756, 0.043203
0.012114, 0.030087, 0.010630, 0.024680, -0.000439, 0.026341, 0.000760, 0.022864
0.011799, 0.002290, 0.010685, 0.000453, -0.000400, 0.003597, 0.000795, 0.001337
0.009832, -0.002870, 0.009802, -0.008534, -0.000380, -0.004427, 0.000824, -0.006774
0.011428, 0.044648, 0.011055, 0.030361, -0.000370, 0.036548, 0.000818, 0.034192
0.011463, 0.005745, 0.010988, 0.001255, -0.000375, 0.007151, 0.000816, 0.004825
0.010780, 0.009020, 0.012514, -0.000497, -0.000342, 0.005965, 0.001068, -0.000113
0.013138, -0.012506, 0.014426, -0.017782, -0.000323, -0.017011, 0.001734, -0.024254
0.014938, 0.041001, 0.016686, 0.018019, -0.000286, 0.019616, 0.001736, 0.013951
0.012982, 0.045985, 0.014863, 0.028951, -0.000361, 0.028512, 0.001716, 0.024404
0.010037, 0.038928, 0.014808, 0.020705, -0.000323, 0.025094, 0.001738, 0.020748
0.007517, 0.054170, 0.014916, 0.047714, -0.000304, 0.038932, 0.001764, 0.033663
0.004007, 0.004598, 0.013579, 0.008023, -0.000297, 0.000549, 0.001938, -0.005070
-0.000242, 0.019703, 0.011521, 0.022147, -0.000259, 0.021466, 0.001988, 0.015589
-0.000541, 0.024212, 0.011079, 0.033764, -0.000262, 0.027462, 0.002046, 0.020543
-0.001282, -0.004523, 0.011711, 0.005900, -0.000236, 0.001592, 0.002045, -0.005137
-0.001309, 0.021695, 0.014461, 0.028912, -0.000191, 0.027856, 0.001860, 0.021932
-0.001749, -0.006071, 0.012225, 0.001081, -0.000203, 0.001816, 0.001722, -0.004146
-0.002870, 0.016755, 0.012146, 0.024945, -0.000172, 0.023067, 0.001748, 0.016958
-0.002674, 0.016137, 0.011505, 0.020576, -0.000174, 0.020227, 0.001706, 0.015290
-0.003249, 0.008490, 0.010454, 0.022232, -0.000143, 0.017042, 0.001689, 0.010540
-0.003437, 0.008687, 0.010738, 0.021067, -0.000118, 0.018587, 0.001716, 0.011635
-0.003666, 0.044074, 0.010353, 0.054108, -0.000095, 0.053552, 0.001733, 0.047152
